Hotspot_Number,Hotspot_Name,internal_res_complete,res_name_complete,internal_res_future,res_name_future
1,Nong Bong Kai,NA,NA,NA,NA
2,Golden Quadrangle,4,Jinghong,10,Ganlanba
3,Mekong Channel from Chiang Saen to Chiang Khong,NA,NA,NA,NA
4,Mekong Channel upstream of Luang Prabang,NA,NA,11,Pak Beng
5,Mekong Channel from Luang Prabang to Vientiane,NA,NA,12,Luangprabang
6,Mekong Channel from Vientiane to the Mun River Confluence,31,Nam Ngum 1,20,Nam Ngum 1
7,Bung Khong Long Non-Hunting Area,NA,NA,NA,NA
8,Kut Ting Marshland,NA,NA,NA,NA
9,Songkhram River,NA,NA,NA,NA
10,Xe Kampho/ Xe Piane,31,Houay Ho,30,Xepian-Xenamnoy
11,Xe Kong Plains,31,Houay Ho,32,Xe Kaman 1
12,Mekong Channel from Savannakhet to Khone Falls,NA,NA,26,Latsua
13,Khone Falls - Siphandone,NA,NA,27,Don Sahong
14,Mekong Channel from Lao Border to Kratie,NA,NA,27,Don Sahong
15,Sekong River,21,Houay Ho,32,Xe Kaman 1
16,Sesan River,32,Yali,33,Yali
17,Tonle Sap,NA,NA,NA,NA
18,Ang Tropeang Thmor Sarus Crane Reserve,NA,NA,NA,NA
19,Stung/Prasat Balnag,NA,NA,NA,NA
20,Basset Marsh,NA,NA,NA,NA
21,Boeung Veal Samnap,NA,NA,NA,NA
22,Bassac march,NA,NA,NA,NA
23,Boeung Prek Lapouv/ Tra Su/ Tinh Doi,NA,NA,NA,NA
